-- phpMyAdmin SQL Dump
-- version 5.2.1
-- https://www.phpmyadmin.net/
--
-- Servidor: 127.0.0.1
-- Tiempo de generación: 30-11-2025 a las 04:31:25
-- Versión del servidor: 10.4.32-MariaDB
-- Versión de PHP: 8.2.12

SET SQL_MODE = "NO_AUTO_VALUE_ON_ZERO";
START TRANSACTION;
SET time_zone = "+00:00";


/*!40101 SET @OLD_CHARACTER_SET_CLIENT=@@CHARACTER_SET_CLIENT */;
/*!40101 SET @OLD_CHARACTER_SET_RESULTS=@@CHARACTER_SET_RESULTS */;
/*!40101 SET @OLD_COLLATION_CONNECTION=@@COLLATION_CONNECTION */;
/*!40101 SET NAMES utf8mb4 */;

--
-- Base de datos: `bodega_iot`
--

-- --------------------------------------------------------

--
-- Estructura de tabla para la tabla `configuracion_sistema`
--

CREATE TABLE `configuracion_sistema` (
  `id` int(11) NOT NULL,
  `zona_activa_id` int(11) DEFAULT NULL
) ENGINE=InnoDB DEFAULT CHARSET=utf8mb4 COLLATE=utf8mb4_general_ci;

--
-- Volcado de datos para la tabla `configuracion_sistema`
--

INSERT INTO `configuracion_sistema` (`id`, `zona_activa_id`) VALUES
(1, 4);

-- --------------------------------------------------------

--
-- Estructura de tabla para la tabla `datos_sensores`
--

CREATE TABLE `datos_sensores` (
  `id` int(11) NOT NULL,
  `peso` decimal(10,2) DEFAULT NULL,
  `temperatura` decimal(5,2) DEFAULT NULL,
  `humedad` decimal(5,2) DEFAULT NULL,
  `timestamp` datetime DEFAULT current_timestamp(),
  `id_zona` int(11) DEFAULT 4
) ENGINE=InnoDB DEFAULT CHARSET=utf8mb4 COLLATE=utf8mb4_general_ci;

--
-- Volcado de datos para la tabla `datos_sensores`
--

INSERT INTO `datos_sensores` (`id`, `peso`, `temperatura`, `humedad`, `timestamp`, `id_zona`) VALUES
(1, 0.00, 26.20, 57.00, '2025-11-29 18:18:02', NULL),
(2, 0.00, 26.20, 57.00, '2025-11-29 18:24:02', NULL),
(3, 0.00, 26.20, 57.00, '2025-11-29 18:24:08', NULL),
(4, 0.00, 26.20, 57.00, '2025-11-29 18:24:13', NULL),
(5, 0.00, 26.20, 57.00, '2025-11-29 18:24:19', NULL),
(6, 0.00, 26.20, 57.00, '2025-11-29 18:24:24', NULL),
(7, 0.00, 26.20, 57.00, '2025-11-29 18:24:29', NULL),
(8, 0.00, 26.20, 57.00, '2025-11-29 18:24:35', NULL),
(9, 0.00, 26.20, 57.00, '2025-11-29 18:24:40', NULL),
(10, 0.00, 26.20, 57.00, '2025-11-29 18:24:46', NULL),
(11, 0.00, 26.20, 57.00, '2025-11-29 18:24:51', NULL),
(12, 0.00, 26.20, 57.00, '2025-11-29 18:24:57', NULL),
(13, 0.00, 26.20, 56.00, '2025-11-29 18:25:02', NULL),
(14, 0.00, 26.20, 56.00, '2025-11-29 18:25:07', NULL),
(15, 0.00, 26.20, 56.00, '2025-11-29 18:25:13', NULL),
(16, 0.00, 26.20, 56.00, '2025-11-29 18:25:18', NULL),
(17, 0.00, 26.20, 56.00, '2025-11-29 18:25:24', NULL),
(18, 0.00, 26.20, 56.00, '2025-11-29 18:25:29', NULL),
(19, 0.00, 26.20, 56.00, '2025-11-29 18:25:35', NULL),
(20, 0.00, 26.20, 56.00, '2025-11-29 18:25:40', NULL),
(21, 0.00, 26.20, 56.00, '2025-11-29 18:25:46', NULL),
(22, 0.00, 26.20, 56.00, '2025-11-29 18:25:51', NULL),
(23, 0.00, 26.20, 56.00, '2025-11-29 18:25:56', NULL),
(24, 0.00, 26.20, 56.00, '2025-11-29 18:26:02', NULL),
(25, 0.00, 26.20, 56.00, '2025-11-29 18:26:07', NULL),
(26, 0.00, 26.20, 56.00, '2025-11-29 18:26:13', NULL),
(27, 0.00, 26.20, 56.00, '2025-11-29 18:26:18', NULL),
(28, 0.00, 26.20, 56.00, '2025-11-29 18:26:24', NULL),
(29, 0.00, 26.20, 56.00, '2025-11-29 18:26:29', NULL),
(30, 0.00, 26.20, 57.00, '2025-11-29 18:26:34', NULL),
(31, 0.00, 26.20, 57.00, '2025-11-29 18:26:40', NULL),
(32, 0.00, 26.20, 57.00, '2025-11-29 18:26:45', NULL),
(33, 0.00, 26.20, 57.00, '2025-11-29 18:26:51', NULL),
(34, 0.00, 26.20, 56.00, '2025-11-29 18:26:56', NULL),
(35, 0.00, 26.20, 56.00, '2025-11-29 18:27:02', NULL),
(36, 0.00, 26.20, 56.00, '2025-11-29 18:27:07', NULL),
(37, 0.00, 26.20, 56.00, '2025-11-29 18:27:13', NULL),
(38, 0.00, 26.20, 56.00, '2025-11-29 18:27:18', NULL),
(39, 0.00, 26.20, 56.00, '2025-11-29 18:27:23', NULL),
(40, 0.00, 26.10, 56.00, '2025-11-29 18:27:29', NULL),
(41, 0.00, 26.00, 56.00, '2025-11-29 18:27:34', NULL),
(42, 0.00, 25.90, 56.00, '2025-11-29 18:27:40', NULL),
(43, 0.00, 25.80, 56.00, '2025-11-29 18:27:45', NULL),
(44, 0.00, 25.80, 56.00, '2025-11-29 18:27:51', NULL),
(45, 0.00, 25.80, 56.00, '2025-11-29 18:27:56', NULL),
(46, 0.00, 25.80, 56.00, '2025-11-29 18:28:02', NULL),
(47, 0.00, 25.80, 56.00, '2025-11-29 18:28:07', NULL),
(48, 0.00, 25.80, 56.00, '2025-11-29 18:28:12', NULL),
(49, 0.00, 25.80, 56.00, '2025-11-29 18:28:18', NULL),
(50, 0.00, 25.80, 56.00, '2025-11-29 18:28:23', NULL),
(51, 0.00, 25.80, 56.00, '2025-11-29 18:28:29', NULL),
(52, 0.00, 25.80, 56.00, '2025-11-29 18:28:34', NULL),
(53, 0.00, 25.80, 56.00, '2025-11-29 18:28:40', NULL),
(54, 0.00, 25.80, 56.00, '2025-11-29 18:28:45', NULL),
(55, 0.00, 25.80, 56.00, '2025-11-29 18:28:50', NULL),
(56, 0.00, 25.80, 56.00, '2025-11-29 18:28:56', NULL),
(57, 0.00, 25.80, 56.00, '2025-11-29 18:29:01', NULL),
(58, 0.00, 25.80, 56.00, '2025-11-29 18:29:07', NULL),
(59, 0.00, 25.80, 56.00, '2025-11-29 18:29:12', NULL),
(60, 0.00, 25.80, 56.00, '2025-11-29 18:29:18', NULL),
(61, 0.00, 25.80, 56.00, '2025-11-29 18:29:23', NULL),
(62, 0.00, 25.80, 56.00, '2025-11-29 18:29:28', NULL),
(63, 0.00, 25.80, 56.00, '2025-11-29 18:29:34', NULL),
(64, 0.00, 25.80, 56.00, '2025-11-29 18:29:39', NULL),
(65, 0.00, 25.80, 56.00, '2025-11-29 18:29:45', NULL),
(66, 0.00, 25.80, 56.00, '2025-11-29 18:29:50', NULL),
(67, 0.00, 25.80, 56.00, '2025-11-29 18:29:56', NULL),
(68, 0.00, 25.80, 56.00, '2025-11-29 18:30:01', NULL),
(69, 0.00, 25.80, 56.00, '2025-11-29 18:30:07', NULL),
(70, 0.00, 25.80, 56.00, '2025-11-29 18:30:12', NULL),
(71, 0.00, 25.80, 56.00, '2025-11-29 18:30:17', NULL),
(72, 0.00, 25.80, 56.00, '2025-11-29 18:30:23', NULL),
(73, 0.00, 25.80, 56.00, '2025-11-29 18:30:28', NULL),
(74, 0.00, 25.80, 56.00, '2025-11-29 18:30:34', NULL),
(75, 0.00, 25.80, 56.00, '2025-11-29 18:30:39', NULL),
(76, 0.00, 25.80, 56.00, '2025-11-29 18:30:45', NULL),
(77, 0.00, 25.80, 56.00, '2025-11-29 18:30:50', NULL),
(78, 0.00, 25.80, 56.00, '2025-11-29 18:30:55', NULL),
(79, 0.00, 25.80, 56.00, '2025-11-29 18:31:01', NULL),
(80, 0.00, 25.80, 56.00, '2025-11-29 18:31:06', NULL),
(81, 0.00, 25.80, 56.00, '2025-11-29 18:31:12', NULL),
(82, 0.00, 25.80, 56.00, '2025-11-29 18:31:17', NULL),
(83, 0.00, 25.80, 56.00, '2025-11-29 18:31:23', NULL),
(84, 0.00, 25.80, 56.00, '2025-11-29 18:31:28', NULL),
(85, 0.00, 25.80, 56.00, '2025-11-29 18:31:34', NULL),
(86, 0.00, 25.80, 56.00, '2025-11-29 18:31:39', NULL),
(87, 0.00, 25.80, 56.00, '2025-11-29 18:31:44', NULL),
(88, 0.00, 25.80, 56.00, '2025-11-29 18:31:50', NULL),
(89, 0.00, 25.80, 56.00, '2025-11-29 18:31:55', NULL),
(90, 0.00, 25.80, 57.00, '2025-11-29 18:32:01', NULL),
(91, 0.00, 25.80, 57.00, '2025-11-29 18:32:06', NULL),
(92, 0.00, 25.80, 57.00, '2025-11-29 18:32:12', NULL),
(93, 0.00, 25.80, 57.00, '2025-11-29 18:32:17', NULL),
(94, 0.01, 25.80, 57.00, '2025-11-29 18:32:22', NULL),
(95, 0.31, 25.80, 57.00, '2025-11-29 18:32:28', NULL),
(96, 0.25, 25.80, 57.00, '2025-11-29 18:32:33', NULL),
(97, 0.08, 25.80, 57.00, '2025-11-29 18:32:39', NULL),
(98, 0.00, 25.80, 57.00, '2025-11-29 18:32:44', NULL),
(99, 0.00, 25.80, 57.00, '2025-11-29 18:32:50', NULL),
(100, 0.00, 25.80, 57.00, '2025-11-29 18:32:55', NULL),
(101, 0.00, 25.80, 57.00, '2025-11-29 18:33:01', NULL),
(102, 0.00, 25.80, 57.00, '2025-11-29 18:33:06', NULL),
(103, 0.00, 25.80, 57.00, '2025-11-29 18:33:12', NULL),
(104, 0.05, 25.80, 57.00, '2025-11-29 18:33:17', NULL),
(105, 0.03, 25.80, 57.00, '2025-11-29 18:33:22', NULL),
(106, 0.32, 25.80, 57.00, '2025-11-29 18:33:28', NULL),
(107, 0.37, 25.80, 57.00, '2025-11-29 18:33:33', NULL),
(108, 0.62, 25.80, 57.00, '2025-11-29 18:33:39', NULL),
(109, 0.51, 25.80, 57.00, '2025-11-29 18:33:44', NULL),
(110, 0.46, 25.80, 57.00, '2025-11-29 18:33:50', NULL),
(111, 0.12, 25.80, 57.00, '2025-11-29 18:33:55', NULL),
(112, 0.08, 25.80, 57.00, '2025-11-29 18:34:00', NULL),
(113, 0.65, 25.80, 57.00, '2025-11-29 18:34:06', NULL),
(114, 0.78, 25.80, 57.00, '2025-11-29 18:34:11', NULL),
(115, 0.89, 25.80, 57.00, '2025-11-29 18:34:17', NULL),
(116, 0.80, 25.80, 57.00, '2025-11-29 18:34:22', NULL),
(117, 1.55, 25.80, 57.00, '2025-11-29 18:34:28', NULL),
(118, 1.21, 25.80, 57.00, '2025-11-29 18:34:33', NULL),
(119, 1.26, 25.80, 57.00, '2025-11-29 18:34:38', NULL),
(120, 0.98, 25.80, 57.00, '2025-11-29 18:34:44', NULL),
(121, 1.01, 25.80, 57.00, '2025-11-29 18:34:49', NULL),
(122, 1.02, 25.80, 57.00, '2025-11-29 18:34:55', NULL),
(123, 1.21, 25.80, 57.00, '2025-11-29 18:35:00', NULL),
(124, 1.14, 25.80, 57.00, '2025-11-29 18:35:06', NULL),
(125, 0.71, 25.80, 57.00, '2025-11-29 18:35:11', NULL),
(126, 0.74, 25.80, 57.00, '2025-11-29 18:35:16', NULL),
(127, 0.81, 25.80, 57.00, '2025-11-29 18:35:22', NULL),
(128, 1.22, 25.80, 57.00, '2025-11-29 18:35:27', NULL),
(129, 1.34, 25.80, 57.00, '2025-11-29 18:35:33', NULL),
(130, 1.45, 25.80, 57.00, '2025-11-29 18:35:38', NULL),
(131, 1.02, 25.80, 57.00, '2025-11-29 18:35:44', NULL),
(132, 1.40, 25.80, 57.00, '2025-11-29 18:35:49', NULL),
(133, 1.53, 25.80, 57.00, '2025-11-29 18:35:55', NULL),
(134, 1.36, 25.80, 57.00, '2025-11-29 18:36:00', NULL),
(135, 2.18, 25.80, 57.00, '2025-11-29 18:36:05', NULL),
(136, 2.64, 25.80, 57.00, '2025-11-29 18:36:11', NULL),
(137, 2.33, 25.80, 57.00, '2025-11-29 18:36:16', NULL),
(138, 1.90, 25.80, 57.00, '2025-11-29 18:36:22', NULL),
(139, 2.04, 25.80, 56.00, '2025-11-29 18:36:27', NULL),
(140, 2.21, 25.80, 56.00, '2025-11-29 18:36:33', NULL),
(141, 2.09, 25.80, 56.00, '2025-11-29 18:36:38', NULL),
(142, 2.00, 25.80, 56.00, '2025-11-29 18:36:43', NULL),
(143, 2.16, 25.80, 56.00, '2025-11-29 18:36:49', NULL),
(144, 2.03, 25.80, 56.00, '2025-11-29 18:36:54', NULL),
(145, 2.06, 25.80, 56.00, '2025-11-29 18:37:00', NULL),
(146, 2.12, 25.80, 56.00, '2025-11-29 18:37:05', NULL),
(147, 2.19, 25.80, 56.00, '2025-11-29 18:37:11', NULL),
(148, 1.43, 25.80, 56.00, '2025-11-29 18:37:16', NULL),
(149, 1.69, 25.80, 56.00, '2025-11-29 18:37:22', NULL),
(150, 2.32, 25.80, 56.00, '2025-11-29 18:37:27', NULL),
(151, 2.33, 25.80, 56.00, '2025-11-29 18:37:32', NULL),
(152, 2.12, 25.80, 56.00, '2025-11-29 18:37:38', NULL),
(153, 2.18, 25.80, 56.00, '2025-11-29 18:37:43', NULL),
(154, 1.72, 25.80, 56.00, '2025-11-29 18:37:49', NULL),
(155, 1.87, 25.80, 56.00, '2025-11-29 18:37:54', NULL),
(156, 1.61, 25.80, 56.00, '2025-11-29 18:38:00', NULL),
(157, 1.58, 25.80, 56.00, '2025-11-29 18:38:05', NULL),
(158, 1.97, 25.80, 56.00, '2025-11-29 18:38:11', NULL),
(159, 1.97, 25.80, 56.00, '2025-11-29 18:38:16', NULL),
(160, 2.34, 25.80, 56.00, '2025-11-29 18:38:21', NULL),
(161, 2.51, 25.80, 56.00, '2025-11-29 18:38:27', NULL),
(162, 2.95, 25.80, 56.00, '2025-11-29 18:38:32', NULL),
(163, 3.26, 25.80, 56.00, '2025-11-29 18:38:38', NULL),
(164, 3.14, 25.80, 56.00, '2025-11-29 18:38:43', NULL),
(165, 3.26, 25.80, 56.00, '2025-11-29 18:38:49', NULL),
(166, 2.90, 25.80, 56.00, '2025-11-29 18:38:54', NULL),
(167, 2.49, 25.80, 56.00, '2025-11-29 18:38:59', NULL),
(168, 2.58, 25.80, 56.00, '2025-11-29 18:39:05', NULL),
(169, 2.59, 25.80, 56.00, '2025-11-29 18:39:10', NULL),
(170, 2.94, 25.80, 56.00, '2025-11-29 18:39:16', NULL),
(171, 3.07, 25.80, 56.00, '2025-11-29 18:39:21', NULL),
(172, 3.20, 25.80, 56.00, '2025-11-29 18:39:27', NULL),
(173, 205.03, 25.80, 56.00, '2025-11-29 18:39:32', NULL),
(174, 205.76, 25.80, 56.00, '2025-11-29 18:39:38', NULL),
(175, 204.97, 25.80, 56.00, '2025-11-29 18:39:43', NULL),
(176, 204.85, 25.80, 56.00, '2025-11-29 18:39:48', NULL),
(177, 204.58, 25.80, 56.00, '2025-11-29 18:39:54', NULL),
(178, 204.72, 25.80, 56.00, '2025-11-29 18:39:59', NULL),
(179, 205.22, 25.80, 56.00, '2025-11-29 18:40:05', 2),
(180, 205.03, 25.80, 56.00, '2025-11-29 18:40:10', 2),
(181, 205.07, 25.80, 56.00, '2025-11-29 18:40:16', 2),
(182, 204.97, 25.80, 56.00, '2025-11-29 18:40:21', 2),
(183, 205.07, 25.80, 56.00, '2025-11-29 18:40:26', 2),
(184, 205.15, 25.80, 56.00, '2025-11-29 18:40:32', 2),
(185, 205.82, 25.80, 56.00, '2025-11-29 18:40:37', 2),
(186, 205.76, 25.80, 56.00, '2025-11-29 18:40:43', 2),
(187, 205.42, 25.80, 56.00, '2025-11-29 18:40:48', 2),
(188, 205.02, 25.80, 56.00, '2025-11-29 18:40:54', 2),
(189, 205.18, 25.80, 56.00, '2025-11-29 18:40:59', 2),
(190, 205.05, 25.80, 56.00, '2025-11-29 18:41:05', 2),
(191, 204.70, 25.80, 57.00, '2025-11-29 18:41:11', 2),
(192, 204.54, 25.80, 57.00, '2025-11-29 18:41:15', 2),
(193, 204.91, 25.80, 57.00, '2025-11-29 18:41:21', 2),
(194, 205.37, 25.80, 57.00, '2025-11-29 18:41:26', 11),
(195, 205.51, 25.80, 57.00, '2025-11-29 18:41:32', 11),
(196, 205.56, 25.80, 57.00, '2025-11-29 18:41:37', 11),
(197, 205.88, 25.80, 57.00, '2025-11-29 18:41:43', 11),
(198, 206.30, 25.80, 57.00, '2025-11-29 18:41:48', 11),
(199, 206.25, 25.80, 57.00, '2025-11-29 18:41:53', 11),
(200, 205.62, 25.80, 57.00, '2025-11-29 18:41:59', 11),
(201, 205.28, 25.80, 57.00, '2025-11-29 18:42:04', 11),
(202, 205.71, 25.80, 57.00, '2025-11-29 18:42:10', 11),
(203, 205.60, 25.80, 57.00, '2025-11-29 18:42:15', 11),
(204, 205.90, 25.80, 57.00, '2025-11-29 18:42:21', 11),
(205, 205.88, 25.80, 57.00, '2025-11-29 18:42:26', 11),
(206, 188.80, 25.80, 57.00, '2025-11-29 18:59:20', 11),
(207, 242.05, 25.80, 57.00, '2025-11-29 18:59:25', 11),
(208, 242.07, 25.80, 57.00, '2025-11-29 18:59:30', 11),
(209, 241.42, 25.80, 57.00, '2025-11-29 18:59:36', 11),
(210, 0.00, 25.80, 57.00, '2025-11-29 18:59:41', 11),
(211, 0.00, 25.80, 57.00, '2025-11-29 18:59:47', 11),
(212, 0.00, 25.80, 57.00, '2025-11-29 18:59:52', 11),
(213, 0.00, 25.80, 58.00, '2025-11-29 19:00:36', 11),
(214, 201.17, 25.80, 58.00, '2025-11-29 19:00:41', 11),
(215, 201.09, 25.80, 58.00, '2025-11-29 19:00:47', 11),
(216, 393.27, 25.80, 58.00, '2025-11-29 19:00:52', 11),
(217, 574.90, 25.80, 58.00, '2025-11-29 19:00:57', 11),
(218, 775.69, 25.80, 58.00, '2025-11-29 19:01:03', 11),
(219, 0.00, 25.80, 58.00, '2025-11-29 19:01:08', 11),
(220, 0.00, 25.80, 58.00, '2025-11-29 19:01:15', 11),
(221, 0.00, 25.80, 58.00, '2025-11-29 19:01:19', 11),
(222, 0.00, 25.80, 58.00, '2025-11-29 19:01:25', 11),
(223, 0.00, 25.80, 58.00, '2025-11-29 19:01:30', 11),
(224, 0.00, 25.80, 58.00, '2025-11-29 19:01:35', 11),
(225, 0.00, 25.80, 58.00, '2025-11-29 19:01:41', 11),
(226, 0.00, 25.80, 58.00, '2025-11-29 19:01:46', 11),
(227, 0.00, 25.80, 58.00, '2025-11-29 19:01:52', 11),
(228, 0.00, 25.80, 58.00, '2025-11-29 19:01:57', 11),
(229, 0.00, 25.80, 58.00, '2025-11-29 19:02:03', 11),
(230, 0.00, 26.20, 58.00, '2025-11-29 19:05:29', 11),
(231, 0.03, 26.20, 58.00, '2025-11-29 19:05:34', 11),
(232, 211.01, 26.20, 58.00, '2025-11-29 19:05:40', 11),
(233, 564.40, 26.20, 58.00, '2025-11-29 19:05:45', 11),
(234, 774.85, 26.20, 58.00, '2025-11-29 19:05:50', 11),
(235, 774.85, 26.20, 58.00, '2025-11-29 19:05:56', 11),
(236, 774.12, 26.20, 58.00, '2025-11-29 19:06:01', 11),
(237, 561.41, 26.20, 58.00, '2025-11-29 19:06:07', 11),
(238, 559.70, 26.20, 58.00, '2025-11-29 19:06:12', 11),
(239, 197.66, 26.20, 58.00, '2025-11-29 19:06:18', 11),
(240, 0.00, 26.20, 58.00, '2025-11-29 19:06:23', 11),
(241, 0.00, 26.20, 59.00, '2025-11-29 19:30:22', 11),
(242, 0.00, 26.20, 59.00, '2025-11-29 19:30:26', 11),
(243, 0.00, 26.20, 59.00, '2025-11-29 19:30:31', 11),
(244, 0.00, 26.20, 59.00, '2025-11-29 19:30:37', 11),
(245, 0.00, 26.20, 59.00, '2025-11-29 19:30:42', 11),
(246, 0.00, 26.20, 59.00, '2025-11-29 19:30:48', 11),
(247, 0.00, 26.20, 59.00, '2025-11-29 19:30:53', 11),
(248, 0.00, 26.20, 59.00, '2025-11-29 19:30:59', 11),
(249, 0.00, 26.20, 59.00, '2025-11-29 19:31:04', 11),
(250, 0.00, 26.20, 59.00, '2025-11-29 19:31:09', 11),
(251, 0.00, 26.20, 59.00, '2025-11-29 19:31:15', 11),
(252, 0.00, 26.20, 59.00, '2025-11-29 19:31:20', 11),
(253, 206.34, 26.20, 59.00, '2025-11-29 19:31:26', 11),
(254, 811.90, 26.20, 59.00, '2025-11-29 19:31:31', 11),
(255, 808.44, 26.20, 59.00, '2025-11-29 19:31:37', 11),
(256, 805.27, 26.20, 59.00, '2025-11-29 19:31:42', 11),
(257, 802.14, 26.20, 59.00, '2025-11-29 19:31:47', 11),
(258, 799.89, 26.20, 60.00, '2025-11-29 19:31:55', 11),
(259, 596.13, 26.20, 60.00, '2025-11-29 19:31:58', 11),
(260, 589.63, 26.20, 59.00, '2025-11-29 19:32:04', 11),
(261, 585.64, 26.20, 60.00, '2025-11-29 19:32:09', 11),
(262, 582.33, 26.20, 60.00, '2025-11-29 19:32:15', 11),
(263, 579.87, 26.20, 60.00, '2025-11-29 19:32:20', 11),
(264, 577.24, 26.20, 60.00, '2025-11-29 19:32:26', 11),
(265, 575.43, 26.20, 60.00, '2025-11-29 19:32:31', 11),
(266, 573.83, 26.20, 60.00, '2025-11-29 19:32:36', 11),
(267, 572.07, 26.20, 60.00, '2025-11-29 19:32:42', 11),
(268, 570.67, 26.20, 60.00, '2025-11-29 19:32:47', 11),
(269, 569.06, 26.20, 60.00, '2025-11-29 19:32:53', 11),
(270, 567.99, 26.20, 60.00, '2025-11-29 19:32:58', 11),
(271, 567.17, 26.20, 60.00, '2025-11-29 19:33:04', 11),
(272, 567.16, 26.20, 60.00, '2025-11-29 19:33:09', 11),
(273, 566.27, 26.20, 59.00, '2025-11-29 19:33:14', 11),
(274, 564.78, 26.20, 60.00, '2025-11-29 19:33:20', 11),
(275, 564.29, 26.20, 60.00, '2025-11-29 19:33:25', 11),
(276, 563.69, 26.20, 60.00, '2025-11-29 19:33:31', 11),
(277, 562.69, 26.20, 60.00, '2025-11-29 19:33:36', 11),
(278, 561.21, 26.20, 60.00, '2025-11-29 19:33:42', 11),
(279, 560.80, 26.20, 60.00, '2025-11-29 19:33:47', 11),
(280, 560.04, 26.20, 60.00, '2025-11-29 19:33:52', 11),
(281, 560.64, 26.20, 60.00, '2025-11-29 19:33:58', 11),
(282, 560.75, 26.20, 60.00, '2025-11-29 19:34:03', 11),
(283, 559.64, 26.20, 60.00, '2025-11-29 19:34:09', 11),
(284, 559.18, 26.20, 59.00, '2025-11-29 19:34:14', 11),
(285, 558.13, 26.20, 59.00, '2025-11-29 19:34:20', 11),
(286, 557.41, 26.20, 59.00, '2025-11-29 19:34:25', 11),
(287, 556.62, 26.20, 60.00, '2025-11-29 19:34:31', 11),
(288, 556.34, 26.20, 60.00, '2025-11-29 19:34:36', 11),
(289, 556.51, 26.20, 59.00, '2025-11-29 19:34:41', 11),
(290, 556.13, 26.20, 59.00, '2025-11-29 19:34:47', 11),
(291, 555.22, 26.20, 59.00, '2025-11-29 19:34:52', 11),
(292, 554.87, 26.20, 59.00, '2025-11-29 19:34:58', 11),
(293, 554.17, 26.20, 59.00, '2025-11-29 19:35:03', 11),
(294, 553.52, 26.20, 59.00, '2025-11-29 19:35:09', 11),
(295, 553.67, 26.20, 59.00, '2025-11-29 19:35:14', 11),
(296, 553.43, 26.20, 59.00, '2025-11-29 19:35:19', 11),
(297, 553.03, 26.20, 59.00, '2025-11-29 19:35:25', 11),
(298, 552.70, 26.20, 59.00, '2025-11-29 19:35:30', 11),
(299, 552.52, 26.20, 59.00, '2025-11-29 19:35:36', 11),
(300, 552.07, 26.20, 59.00, '2025-11-29 19:35:41', 11),
(301, 552.21, 26.20, 59.00, '2025-11-29 19:35:47', 11),
(302, 552.22, 26.20, 59.00, '2025-11-29 19:35:52', 11),
(303, 551.86, 26.20, 59.00, '2025-11-29 19:35:58', 11),
(304, 551.53, 26.20, 60.00, '2025-11-29 19:36:03', 11),
(305, 550.98, 26.20, 60.00, '2025-11-29 19:36:08', 11),
(306, 551.03, 26.20, 60.00, '2025-11-29 19:36:14', 4),
(307, 550.59, 26.20, 60.00, '2025-11-29 19:36:19', 4),
(308, 550.01, 26.20, 60.00, '2025-11-29 19:36:25', 4),
(309, 549.93, 26.20, 60.00, '2025-11-29 19:36:30', 4),
(310, 550.15, 26.20, 60.00, '2025-11-29 19:36:36', 4),
(311, 549.78, 26.20, 59.00, '2025-11-29 19:36:41', 4),
(312, 549.98, 26.20, 59.00, '2025-11-29 19:36:46', 4),
(313, 550.10, 26.20, 59.00, '2025-11-29 19:36:52', 4),
(314, 550.10, 26.20, 60.00, '2025-11-29 19:36:57', 4),
(315, 549.78, 26.20, 60.00, '2025-11-29 19:37:03', 4),
(316, 549.96, 26.20, 60.00, '2025-11-29 19:37:08', 4),
(317, 549.55, 26.20, 60.00, '2025-11-29 19:37:14', 4),
(318, 549.01, 26.20, 60.00, '2025-11-29 19:37:19', 4),
(319, 548.72, 26.20, 60.00, '2025-11-29 19:37:25', 4),
(320, 548.83, 26.20, 60.00, '2025-11-29 19:37:30', 4),
(321, 548.66, 26.20, 60.00, '2025-11-29 19:37:35', 4),
(322, 548.03, 26.20, 60.00, '2025-11-29 19:37:41', 4),
(323, 547.79, 26.20, 60.00, '2025-11-29 19:37:46', 4),
(324, 547.91, 26.20, 60.00, '2025-11-29 19:37:52', 4),
(325, 547.82, 26.20, 60.00, '2025-11-29 19:37:57', 4),
(326, 547.66, 26.20, 60.00, '2025-11-29 19:38:03', 4),
(327, 547.70, 26.20, 60.00, '2025-11-29 19:38:08', 4),
(328, 546.98, 26.20, 60.00, '2025-11-29 19:38:13', 4),
(329, 546.44, 26.20, 60.00, '2025-11-29 19:38:19', 4),
(330, 545.98, 26.20, 60.00, '2025-11-29 19:38:24', 4),
(331, 546.24, 26.20, 60.00, '2025-11-29 19:38:30', 4),
(332, 546.17, 26.20, 60.00, '2025-11-29 19:38:35', 4),
(333, 545.64, 26.20, 60.00, '2025-11-29 19:38:41', 4),
(334, 545.58, 26.20, 60.00, '2025-11-29 19:38:46', 4),
(335, 545.95, 26.20, 60.00, '2025-11-29 19:38:52', 4),
(336, 545.74, 26.20, 60.00, '2025-11-29 19:38:57', 4),
(337, 545.50, 26.20, 60.00, '2025-11-29 19:39:02', 4),
(338, 544.86, 26.20, 60.00, '2025-11-29 19:39:08', 4),
(339, 544.83, 26.20, 60.00, '2025-11-29 19:39:15', 4),
(340, 544.74, 26.20, 60.00, '2025-11-29 19:39:21', 4),
(341, 545.39, 26.20, 60.00, '2025-11-29 19:39:25', 4),
(342, 545.21, 26.20, 60.00, '2025-11-29 19:39:30', 4),
(343, 545.16, 26.20, 60.00, '2025-11-29 19:39:35', 4),
(344, 545.18, 26.20, 60.00, '2025-11-29 19:39:40', 4),
(345, 545.12, 26.20, 60.00, '2025-11-29 19:39:46', 4),
(346, 544.56, 26.20, 60.00, '2025-11-29 19:39:51', 4),
(347, 544.17, 26.20, 60.00, '2025-11-29 19:39:57', 4),
(348, 544.54, 26.20, 60.00, '2025-11-29 19:40:02', 4),
(349, 544.35, 26.20, 61.00, '2025-11-29 19:40:08', 4),
(350, 544.47, 26.20, 61.00, '2025-11-29 19:40:13', 4),
(351, 544.54, 26.20, 61.00, '2025-11-29 19:40:18', 4),
(352, 544.69, 26.30, 61.00, '2025-11-29 19:40:24', 4),
(353, 544.39, 26.30, 61.00, '2025-11-29 19:40:29', 4),
(354, 496.04, 26.30, 61.00, '2025-11-29 19:40:35', 4),
(355, 0.00, 26.30, 61.00, '2025-11-29 19:40:40', 4),
(356, 0.00, 26.30, 61.00, '2025-11-29 19:40:46', 4),
(357, 171.76, 26.30, 61.00, '2025-11-29 19:40:51', 4),
(358, 552.78, 26.30, 61.00, '2025-11-29 19:40:57', 4),
(359, 769.76, 26.60, 61.00, '2025-11-29 19:41:02', 4),
(360, 767.40, 26.70, 61.00, '2025-11-29 19:41:07', 4),
(361, 765.22, 26.70, 61.00, '2025-11-29 19:41:13', 4),
(362, 763.79, 26.70, 61.00, '2025-11-29 19:41:18', 4),
(363, 762.79, 26.70, 61.00, '2025-11-29 19:41:24', 4),
(364, 762.17, 26.70, 61.00, '2025-11-29 19:41:29', 4),
(365, 762.20, 26.70, 61.00, '2025-11-29 19:41:35', 4),
(366, 761.02, 26.70, 61.00, '2025-11-29 19:41:40', 4),
(367, 759.56, 26.60, 61.00, '2025-11-29 19:41:45', 4),
(368, 759.48, 26.30, 61.00, '2025-11-29 19:41:51', 4),
(369, 758.59, 26.30, 61.00, '2025-11-29 19:41:56', 4),
(370, 757.81, 26.30, 60.00, '2025-11-29 19:42:02', 4),
(371, 758.14, 26.30, 60.00, '2025-11-29 19:42:07', 4),
(372, 757.79, 26.30, 60.00, '2025-11-29 19:42:13', 4),
(373, 757.13, 26.30, 60.00, '2025-11-29 19:42:18', 4),
(374, 756.43, 26.30, 60.00, '2025-11-29 19:42:24', 4),
(375, 757.24, 26.20, 61.00, '2025-11-29 19:42:29', 4),
(376, 757.62, 26.30, 61.00, '2025-11-29 19:42:34', 4),
(377, 757.66, 26.30, 62.00, '2025-11-29 19:42:40', 4),
(378, 756.33, 26.30, 62.00, '2025-11-29 19:42:45', 4),
(379, 756.74, 26.30, 62.00, '2025-11-29 19:42:51', 4),
(380, 756.68, 26.30, 61.00, '2025-11-29 19:42:56', 4),
(381, 756.90, 26.30, 61.00, '2025-11-29 19:43:02', 4),
(382, 756.66, 26.30, 61.00, '2025-11-29 19:43:07', 4),
(383, 757.91, 26.30, 62.00, '2025-11-29 19:43:12', 4),
(384, 756.72, 26.30, 62.00, '2025-11-29 19:43:18', 4),
(385, 756.61, 26.20, 61.00, '2025-11-29 19:43:23', 4),
(386, 756.76, 26.20, 61.00, '2025-11-29 19:43:29', 4),
(387, 755.95, 26.20, 61.00, '2025-11-29 19:43:34', 4),
(388, 756.67, 26.20, 61.00, '2025-11-29 19:43:40', 4),
(389, 757.32, 26.20, 61.00, '2025-11-29 19:43:45', 4),
(390, 756.69, 26.20, 61.00, '2025-11-29 19:43:51', 4),
(391, 755.83, 26.20, 61.00, '2025-11-29 19:43:56', 4),
(392, 754.97, 26.20, 61.00, '2025-11-29 19:44:01', 4),
(393, 754.56, 26.30, 60.00, '2025-11-29 19:44:07', 4),
(394, 754.78, 26.30, 60.00, '2025-11-29 19:44:12', 4),
(395, 754.97, 26.20, 60.00, '2025-11-29 19:44:18', 4),
(396, 756.09, 26.30, 60.00, '2025-11-29 19:44:23', 4),
(397, 755.54, 26.30, 60.00, '2025-11-29 19:44:29', 4),
(398, 755.29, 26.30, 60.00, '2025-11-29 19:44:34', 4),
(399, 755.02, 26.30, 60.00, '2025-11-29 19:44:39', 4),
(400, 754.85, 26.30, 61.00, '2025-11-29 19:44:45', 4),
(401, 755.46, 26.20, 61.00, '2025-11-29 19:44:50', 4),
(402, 755.42, 26.30, 61.00, '2025-11-29 19:44:56', 4),
(403, 755.69, 26.30, 62.00, '2025-11-29 19:45:01', 4),
(404, 755.63, 26.30, 62.00, '2025-11-29 19:45:07', 4),
(405, 755.25, 26.30, 61.00, '2025-11-29 19:45:12', 4),
(406, 755.00, 26.30, 61.00, '2025-11-29 19:45:17', 4),
(407, 754.90, 26.30, 61.00, '2025-11-29 19:45:23', 4),
(408, 754.47, 26.20, 61.00, '2025-11-29 19:45:28', 4),
(409, 754.64, 26.20, 61.00, '2025-11-29 19:45:34', 4),
(410, 754.97, 26.20, 61.00, '2025-11-29 19:45:39', 4),
(411, 755.18, 26.20, 61.00, '2025-11-29 19:45:45', 4),
(412, 755.37, 26.20, 61.00, '2025-11-29 19:45:50', 4),
(413, 754.71, 26.30, 61.00, '2025-11-29 19:45:56', 4),
(414, 754.74, 26.30, 61.00, '2025-11-29 19:46:01', 4),
(415, 754.60, 26.30, 61.00, '2025-11-29 19:46:06', 4),
(416, 754.27, 26.30, 61.00, '2025-11-29 19:46:12', 4),
(417, 754.08, 26.30, 61.00, '2025-11-29 19:46:17', 4),
(418, 753.50, 26.30, 60.00, '2025-11-29 19:46:23', 4),
(419, 754.05, 26.30, 60.00, '2025-11-29 19:46:28', 4),
(420, 753.98, 26.50, 60.00, '2025-11-29 19:46:34', 4),
(421, 753.91, 26.70, 60.00, '2025-11-29 19:46:39', 4),
(422, 753.65, 26.70, 60.00, '2025-11-29 19:46:44', 4),
(423, 752.60, 26.70, 60.00, '2025-11-29 19:46:50', 4),
(424, 752.93, 26.70, 60.00, '2025-11-29 19:46:55', 4),
(425, 752.59, 26.70, 60.00, '2025-11-29 19:47:01', 4),
(426, 752.89, 26.70, 60.00, '2025-11-29 19:47:06', 4),
(427, 751.91, 26.70, 60.00, '2025-11-29 19:47:12', 4),
(428, 751.80, 26.70, 60.00, '2025-11-29 19:47:17', 4),
(429, 751.49, 26.70, 60.00, '2025-11-29 19:47:23', 4),
(430, 751.83, 26.70, 60.00, '2025-11-29 19:47:28', 4),
(431, 751.47, 26.70, 60.00, '2025-11-29 19:47:33', 4),
(432, 751.36, 26.70, 60.00, '2025-11-29 19:47:39', 4),
(433, 751.05, 26.70, 60.00, '2025-11-29 19:47:44', 4),
(434, 751.14, 26.70, 60.00, '2025-11-29 19:47:50', 4),
(435, 751.60, 26.70, 60.00, '2025-11-29 19:47:55', 4),
(436, 751.64, 26.70, 60.00, '2025-11-29 19:48:01', 4),
(437, 751.65, 26.70, 60.00, '2025-11-29 19:48:06', 4),
(438, 751.81, 26.70, 60.00, '2025-11-29 19:48:11', 4),
(439, 751.39, 26.70, 60.00, '2025-11-29 19:48:17', 4),
(440, 751.25, 26.70, 60.00, '2025-11-29 19:48:22', 4),
(441, 751.08, 26.70, 60.00, '2025-11-29 19:48:28', 4),
(442, 751.23, 26.70, 60.00, '2025-11-29 19:48:33', 4),
(443, 750.99, 26.70, 60.00, '2025-11-29 19:48:39', 4),
(444, 751.11, 26.70, 60.00, '2025-11-29 19:48:44', 4),
(445, 751.08, 26.70, 60.00, '2025-11-29 19:48:50', 4),
(446, 750.53, 26.70, 60.00, '2025-11-29 19:48:55', 4),
(447, 750.42, 26.70, 60.00, '2025-11-29 19:49:00', 4),
(448, 750.20, 26.70, 60.00, '2025-11-29 19:49:06', 4),
(449, 750.77, 26.70, 60.00, '2025-11-29 19:49:11', 4),
(450, 750.71, 26.70, 60.00, '2025-11-29 19:49:17', 4),
(451, 749.78, 26.70, 60.00, '2025-11-29 19:49:22', 4),
(452, 749.95, 26.70, 60.00, '2025-11-29 19:49:28', 4),
(453, 749.94, 26.70, 60.00, '2025-11-29 19:49:33', 4),
(454, 750.01, 26.70, 60.00, '2025-11-29 19:49:38', 4),
(455, 750.56, 26.70, 60.00, '2025-11-29 19:49:44', 4),
(456, 750.43, 26.70, 60.00, '2025-11-29 19:49:49', 4),
(457, 749.98, 26.70, 60.00, '2025-11-29 19:49:55', 4),
(458, 749.79, 26.70, 61.00, '2025-11-29 19:50:00', 4),
(459, 749.88, 26.70, 61.00, '2025-11-29 19:50:06', 4),
(460, 750.27, 26.70, 61.00, '2025-11-29 19:50:11', 4),
(461, 749.87, 26.70, 61.00, '2025-11-29 19:50:16', 4),
(462, 749.82, 26.70, 61.00, '2025-11-29 19:50:22', 4),
(463, 750.07, 26.70, 61.00, '2025-11-29 19:50:27', 4),
(464, 749.68, 26.70, 61.00, '2025-11-29 19:50:33', 4),
(465, 749.63, 26.70, 61.00, '2025-11-29 19:50:38', 4),
(466, 749.64, 26.70, 61.00, '2025-11-29 19:50:44', 4),
(467, 749.72, 26.70, 61.00, '2025-11-29 19:50:49', 4),
(468, 749.90, 26.70, 61.00, '2025-11-29 19:50:55', 4),
(469, 750.54, 26.70, 61.00, '2025-11-29 19:51:00', 4),
(470, 750.40, 26.70, 61.00, '2025-11-29 19:51:05', 4),
(471, 749.89, 26.70, 61.00, '2025-11-29 19:51:11', 4),
(472, 750.33, 26.70, 61.00, '2025-11-29 19:51:16', 4),
(473, 749.85, 26.70, 61.00, '2025-11-29 19:51:22', 4),
(474, 749.75, 26.70, 61.00, '2025-11-29 19:51:27', 4),
(475, 749.71, 26.70, 61.00, '2025-11-29 19:51:33', 4),
(476, 748.93, 26.70, 61.00, '2025-11-29 19:51:38', 4),
(477, 749.65, 26.70, 61.00, '2025-11-29 19:51:43', 4),
(478, 749.44, 26.70, 61.00, '2025-11-29 19:51:49', 4),
(479, 749.16, 26.70, 61.00, '2025-11-29 19:51:54', 4),
(480, 750.09, 26.70, 61.00, '2025-11-29 19:52:00', 4),
(481, 749.88, 26.70, 61.00, '2025-11-29 19:52:05', 4),
(482, 749.79, 26.70, 61.00, '2025-11-29 19:52:11', 4),
(483, 749.62, 26.70, 61.00, '2025-11-29 19:52:16', 4),
(484, 749.97, 26.70, 61.00, '2025-11-29 19:52:22', 4),
(485, 750.38, 26.70, 61.00, '2025-11-29 19:52:27', 4),
(486, 750.42, 26.70, 61.00, '2025-11-29 19:52:32', 4),
(487, 750.06, 26.70, 61.00, '2025-11-29 19:52:38', 4),
(488, 750.06, 26.70, 61.00, '2025-11-29 19:52:43', 4),
(489, 749.45, 26.70, 61.00, '2025-11-29 19:52:49', 4),
(490, 749.10, 26.70, 61.00, '2025-11-29 19:52:54', 4),
(491, 749.03, 26.70, 61.00, '2025-11-29 19:53:00', 4),
(492, 748.80, 26.70, 61.00, '2025-11-29 19:53:05', 4),
(493, 749.24, 26.70, 60.00, '2025-11-29 19:53:10', 4),
(494, 748.98, 26.70, 60.00, '2025-11-29 19:53:16', 4),
(495, 748.75, 26.70, 60.00, '2025-11-29 19:53:21', 4),
(496, 748.61, 26.70, 60.00, '2025-11-29 19:53:27', 4),
(497, 748.07, 26.70, 60.00, '2025-11-29 19:53:32', 4),
(498, 748.75, 26.70, 60.00, '2025-11-29 19:53:38', 4),
(499, 0.00, 26.70, 60.00, '2025-11-29 19:53:43', 4),
(500, 0.00, 26.70, 60.00, '2025-11-29 19:53:48', 4),
(501, 0.00, 26.70, 61.00, '2025-11-29 19:53:54', 4),
(502, 0.00, 26.70, 61.00, '2025-11-29 19:53:59', 4),
(503, 0.00, 26.70, 61.00, '2025-11-29 19:54:05', 4),
(504, 0.00, 26.70, 61.00, '2025-11-29 19:54:10', 4),
(505, 0.00, 26.70, 61.00, '2025-11-29 19:54:16', 4),
(506, 0.00, 26.70, 61.00, '2025-11-29 19:54:21', 4),
(507, 0.00, 26.70, 61.00, '2025-11-29 19:54:27', 4),
(508, 0.00, 26.70, 61.00, '2025-11-29 19:54:32', 4),
(509, 0.00, 26.70, 61.00, '2025-11-29 19:54:37', 4),
(510, 0.00, 26.70, 61.00, '2025-11-29 19:54:43', 4),
(511, 0.00, 26.70, 60.00, '2025-11-29 19:54:48', 4),
(512, 0.00, 26.70, 60.00, '2025-11-29 19:54:54', 4),
(513, 0.00, 26.70, 60.00, '2025-11-29 19:54:59', 4),
(514, 0.00, 26.70, 60.00, '2025-11-29 19:55:05', 4),
(515, 0.00, 26.70, 60.00, '2025-11-29 19:55:10', 4),
(516, 0.00, 26.70, 60.00, '2025-11-29 19:55:15', 4),
(517, 0.00, 26.70, 60.00, '2025-11-29 19:55:21', 4),
(518, 0.00, 26.70, 60.00, '2025-11-29 19:55:26', 4),
(519, 0.00, 26.70, 60.00, '2025-11-29 19:55:32', 4),
(520, 0.00, 26.70, 60.00, '2025-11-29 19:55:37', 4),
(521, 0.00, 26.70, 60.00, '2025-11-29 19:55:43', 4),
(522, 0.00, 26.70, 60.00, '2025-11-29 19:55:48', 4),
(523, 0.00, 26.70, 60.00, '2025-11-29 19:55:54', 4),
(524, 0.00, 26.70, 60.00, '2025-11-29 19:55:59', 4),
(525, 0.00, 26.70, 60.00, '2025-11-29 19:56:04', 4),
(526, 0.00, 26.70, 60.00, '2025-11-29 19:56:10', 4),
(527, 0.00, 26.70, 60.00, '2025-11-29 19:56:15', 4),
(528, 0.00, 26.70, 60.00, '2025-11-29 19:56:21', 4),
(529, 0.00, 26.70, 60.00, '2025-11-29 19:56:26', 4),
(530, 0.00, 26.70, 60.00, '2025-11-29 19:56:32', 4),
(531, 0.00, 26.70, 60.00, '2025-11-29 19:56:37', 4),
(532, 0.00, 26.70, 60.00, '2025-11-29 19:56:42', 4),
(533, 0.00, 26.70, 60.00, '2025-11-29 19:56:48', 4),
(534, 0.00, 26.70, 60.00, '2025-11-29 19:56:53', 4),
(535, 0.00, 26.70, 60.00, '2025-11-29 19:56:59', 4),
(536, 0.00, 26.70, 60.00, '2025-11-29 19:57:04', 4),
(537, 0.00, 26.70, 60.00, '2025-11-29 19:57:10', 4),
(538, 0.00, 26.70, 60.00, '2025-11-29 19:57:15', 4),
(539, 0.00, 26.70, 60.00, '2025-11-29 19:57:21', 4),
(540, 0.00, 26.70, 60.00, '2025-11-29 19:57:26', 4),
(541, 0.00, 26.70, 60.00, '2025-11-29 19:57:31', 4),
(542, 0.00, 26.70, 60.00, '2025-11-29 19:57:37', 4),
(543, 0.00, 26.70, 60.00, '2025-11-29 19:57:42', 4),
(544, 0.00, 26.70, 60.00, '2025-11-29 19:57:48', 4),
(545, 0.00, 26.70, 60.00, '2025-11-29 19:57:53', 4),
(546, 0.00, 26.70, 60.00, '2025-11-29 19:57:59', 4),
(547, 0.00, 26.70, 60.00, '2025-11-29 19:58:04', 4),
(548, 0.00, 26.70, 60.00, '2025-11-29 19:58:09', 4),
(549, 0.00, 26.70, 60.00, '2025-11-29 19:58:15', 4),
(550, 0.00, 26.70, 60.00, '2025-11-29 19:58:20', 4),
(551, 0.00, 26.70, 60.00, '2025-11-29 19:58:26', 4),
(552, 0.00, 26.70, 60.00, '2025-11-29 19:58:31', 4),
(553, 0.00, 26.70, 60.00, '2025-11-29 19:58:37', 4),
(554, 0.00, 26.70, 60.00, '2025-11-29 19:58:42', 4),
(555, 0.00, 26.70, 60.00, '2025-11-29 19:58:47', 4),
(556, 0.00, 26.70, 60.00, '2025-11-29 19:58:53', 4),
(557, 0.00, 26.70, 60.00, '2025-11-29 19:58:58', 4),
(558, 0.00, 26.70, 60.00, '2025-11-29 19:59:04', 4),
(559, 0.00, 26.70, 60.00, '2025-11-29 19:59:09', 4),
(560, 0.00, 26.70, 60.00, '2025-11-29 19:59:15', 4),
(561, 0.00, 26.70, 60.00, '2025-11-29 19:59:20', 4),
(562, 0.00, 26.70, 60.00, '2025-11-29 19:59:26', 4),
(563, 0.00, 26.70, 60.00, '2025-11-29 19:59:31', 4),
(564, 0.00, 26.70, 60.00, '2025-11-29 19:59:36', 4),
(565, 0.00, 26.70, 60.00, '2025-11-29 19:59:42', 4),
(566, 0.00, 26.70, 60.00, '2025-11-29 19:59:47', 4),
(567, 0.00, 26.70, 60.00, '2025-11-29 19:59:53', 4),
(568, 0.00, 26.70, 60.00, '2025-11-29 19:59:58', 4),
(569, 0.00, 26.70, 61.00, '2025-11-29 20:00:04', 4),
(570, 0.00, 26.70, 61.00, '2025-11-29 20:00:09', 4),
(571, 0.00, 26.70, 61.00, '2025-11-29 20:00:14', 4),
(572, 0.00, 26.70, 61.00, '2025-11-29 20:00:20', 4),
(573, 0.00, 26.70, 61.00, '2025-11-29 20:00:25', 4),
(574, 0.00, 26.70, 61.00, '2025-11-29 20:00:31', 4),
(575, 0.00, 26.70, 61.00, '2025-11-29 20:00:36', 4),
(576, 0.00, 26.70, 61.00, '2025-11-29 20:00:42', 4),
(577, 0.00, 26.70, 61.00, '2025-11-29 20:00:47', 4),
(578, 0.00, 26.70, 61.00, '2025-11-29 20:00:53', 4),
(579, 0.00, 26.70, 61.00, '2025-11-29 20:00:58', 4),
(580, 0.00, 26.70, 61.00, '2025-11-29 20:01:03', 4),
(581, 0.00, 26.70, 61.00, '2025-11-29 20:01:09', 4),
(582, 0.00, 26.70, 61.00, '2025-11-29 20:01:14', 4),
(583, 0.00, 26.70, 61.00, '2025-11-29 20:01:20', 4),
(584, 0.00, 26.70, 61.00, '2025-11-29 20:01:25', 4),
(585, 0.00, 26.70, 61.00, '2025-11-29 20:01:31', 4),
(586, 0.00, 26.70, 61.00, '2025-11-29 20:01:36', 4),
(587, 0.00, 26.70, 61.00, '2025-11-29 20:01:41', 4),
(588, 0.00, 26.70, 61.00, '2025-11-29 20:01:47', 4),
(589, 0.00, 26.70, 61.00, '2025-11-29 20:01:52', 4),
(590, 0.00, 26.70, 61.00, '2025-11-29 20:01:58', 4),
(591, 0.00, 26.70, 61.00, '2025-11-29 20:02:03', 4),
(592, 0.00, 26.70, 61.00, '2025-11-29 20:02:09', 4),
(593, 0.00, 26.70, 61.00, '2025-11-29 20:02:14', 4),
(594, 0.00, 26.70, 61.00, '2025-11-29 20:02:20', 4),
(595, 0.00, 26.70, 61.00, '2025-11-29 20:02:25', 4),
(596, 0.00, 26.70, 61.00, '2025-11-29 20:02:30', 4),
(597, 0.00, 26.70, 61.00, '2025-11-29 20:02:36', 4),
(598, 0.00, 26.70, 61.00, '2025-11-29 20:02:41', 4),
(599, 0.00, 26.70, 61.00, '2025-11-29 20:02:47', 4),
(600, 0.00, 26.70, 61.00, '2025-11-29 20:02:52', 4),
(601, 0.00, 26.70, 61.00, '2025-11-29 20:02:58', 4),
(602, 0.00, 26.70, 61.00, '2025-11-29 20:03:03', 4),
(603, 0.00, 26.70, 61.00, '2025-11-29 20:03:08', 4),
(604, 0.00, 26.70, 61.00, '2025-11-29 20:03:14', 4),
(605, 0.00, 26.70, 61.00, '2025-11-29 20:03:19', 4),
(606, 0.00, 26.70, 61.00, '2025-11-29 20:03:25', 4),
(607, 0.00, 26.70, 61.00, '2025-11-29 20:03:30', 4),
(608, 0.00, 26.70, 61.00, '2025-11-29 20:03:36', 4),
(609, 0.00, 26.70, 61.00, '2025-11-29 20:03:41', 4),
(610, 0.00, 26.70, 61.00, '2025-11-29 20:03:47', 4),
(611, 0.00, 26.70, 61.00, '2025-11-29 20:03:52', 4),
(612, 0.00, 26.70, 61.00, '2025-11-29 20:03:57', 4),
(613, 0.00, 26.70, 61.00, '2025-11-29 20:04:03', 4),
(614, 0.00, 26.70, 61.00, '2025-11-29 20:04:08', 4),
(615, 0.00, 26.70, 61.00, '2025-11-29 20:04:14', 4),
(616, 0.00, 26.70, 61.00, '2025-11-29 20:04:19', 4),
(617, 0.00, 26.70, 61.00, '2025-11-29 20:04:25', 4),
(618, 0.00, 26.70, 61.00, '2025-11-29 20:04:30', 4),
(619, 0.00, 26.70, 61.00, '2025-11-29 20:04:35', 4),
(620, 0.00, 26.70, 61.00, '2025-11-29 20:04:41', 4),
(621, 0.00, 26.70, 61.00, '2025-11-29 20:04:46', 4),
(622, 0.00, 26.70, 61.00, '2025-11-29 20:04:52', 4),
(623, 0.00, 26.70, 61.00, '2025-11-29 20:04:57', 4),
(624, 0.00, 26.70, 61.00, '2025-11-29 20:05:03', 4),
(625, 0.00, 26.70, 61.00, '2025-11-29 20:05:08', 4),
(626, 0.00, 26.70, 61.00, '2025-11-29 20:05:13', 4),
(627, 0.00, 26.70, 61.00, '2025-11-29 20:05:19', 4),
(628, 0.00, 26.70, 61.00, '2025-11-29 20:05:24', 4),
(629, 0.00, 26.70, 61.00, '2025-11-29 20:05:30', 4),
(630, 0.00, 26.70, 61.00, '2025-11-29 20:05:35', 4),
(631, 0.00, 26.70, 61.00, '2025-11-29 20:05:41', 4),
(632, 0.00, 26.70, 61.00, '2025-11-29 20:05:46', 4),
(633, 0.00, 26.70, 61.00, '2025-11-29 20:05:52', 4),
(634, 0.00, 26.70, 61.00, '2025-11-29 20:05:57', 4),
(635, 0.00, 26.70, 61.00, '2025-11-29 20:06:02', 4),
(636, 0.00, 26.70, 61.00, '2025-11-29 20:06:08', 4),
(637, 0.00, 26.70, 61.00, '2025-11-29 20:06:13', 4),
(638, 0.00, 26.70, 61.00, '2025-11-29 20:06:19', 4),
(639, 0.00, 26.70, 61.00, '2025-11-29 20:06:24', 4),
(640, 0.00, 26.70, 61.00, '2025-11-29 20:06:30', 4),
(641, 0.00, 26.70, 61.00, '2025-11-29 20:06:35', 4),
(642, 0.00, 26.70, 61.00, '2025-11-29 20:06:40', 4),
(643, 0.00, 26.70, 61.00, '2025-11-29 20:06:46', 4),
(644, 0.00, 26.70, 61.00, '2025-11-29 20:06:51', 4),
(645, 0.00, 26.70, 61.00, '2025-11-29 20:06:57', 4),
(646, 0.00, 26.70, 61.00, '2025-11-29 20:07:02', 4),
(647, 0.00, 26.70, 61.00, '2025-11-29 20:07:08', 4),
(648, 0.00, 26.70, 61.00, '2025-11-29 20:07:13', 4),
(649, 0.00, 26.70, 61.00, '2025-11-29 20:07:19', 4),
(650, 0.00, 26.70, 61.00, '2025-11-29 20:07:24', 4),
(651, 0.00, 26.70, 61.00, '2025-11-29 20:07:29', 4),
(652, 0.00, 26.70, 61.00, '2025-11-29 20:07:35', 4),
(653, 0.00, 26.70, 61.00, '2025-11-29 20:07:40', 4),
(654, 0.00, 26.70, 61.00, '2025-11-29 20:07:46', 4),
(655, 0.00, 26.70, 61.00, '2025-11-29 20:07:51', 4),
(656, 0.00, 26.70, 61.00, '2025-11-29 20:07:57', 4),
(657, 0.00, 26.70, 61.00, '2025-11-29 20:08:02', 4),
(658, 0.00, 26.70, 61.00, '2025-11-29 20:08:07', 4),
(659, 0.00, 26.70, 61.00, '2025-11-29 20:08:13', 4),
(660, 0.00, 26.70, 61.00, '2025-11-29 20:08:18', 4),
(661, 0.00, 26.70, 61.00, '2025-11-29 20:08:24', 4),
(662, 0.00, 26.70, 61.00, '2025-11-29 20:08:29', 4),
(663, 0.00, 26.70, 61.00, '2025-11-29 20:08:35', 4),
(664, 0.00, 26.70, 61.00, '2025-11-29 20:08:40', 4),
(665, 0.00, 26.70, 61.00, '2025-11-29 20:08:46', 4),
(666, 0.00, 26.70, 61.00, '2025-11-29 20:08:51', 4),
(667, 0.00, 26.70, 61.00, '2025-11-29 20:08:56', 4),
(668, 0.00, 26.70, 61.00, '2025-11-29 20:09:02', 4),
(669, 0.00, 26.70, 61.00, '2025-11-29 20:09:07', 4),
(670, 0.00, 26.70, 61.00, '2025-11-29 20:09:13', 4),
(671, 0.00, 26.70, 61.00, '2025-11-29 20:09:18', 4),
(672, 0.00, 26.70, 61.00, '2025-11-29 20:09:24', 4),
(673, 0.00, 26.70, 61.00, '2025-11-29 20:09:29', 4),
(674, 0.00, 26.70, 61.00, '2025-11-29 20:09:34', 4),
(675, 0.00, 26.70, 61.00, '2025-11-29 20:09:40', 4),
(676, 0.00, 26.70, 61.00, '2025-11-29 20:09:45', 4),
(677, 0.00, 26.70, 61.00, '2025-11-29 20:09:51', 4),
(678, 0.00, 26.70, 61.00, '2025-11-29 20:09:56', 4),
(679, 0.00, 26.70, 61.00, '2025-11-29 20:10:02', 4),
(680, 0.00, 26.70, 61.00, '2025-11-29 20:10:07', 4),
(681, 0.00, 26.70, 61.00, '2025-11-29 20:10:13', 4),
(682, 0.00, 26.70, 61.00, '2025-11-29 20:10:18', 4),
(683, 0.00, 26.70, 61.00, '2025-11-29 20:10:23', 4),
(684, 0.00, 26.70, 61.00, '2025-11-29 20:10:29', 4),
(685, 0.00, 26.70, 61.00, '2025-11-29 20:10:34', 4),
(686, 0.00, 26.70, 61.00, '2025-11-29 20:10:40', 4),
(687, 0.00, 26.70, 61.00, '2025-11-29 20:10:45', 4),
(688, 0.00, 26.70, 61.00, '2025-11-29 20:10:51', 4),
(689, 0.00, 26.70, 61.00, '2025-11-29 20:10:56', 4),
(690, 0.00, 26.70, 61.00, '2025-11-29 20:11:01', 4),
(691, 0.00, 26.70, 61.00, '2025-11-29 20:11:07', 4),
(692, 0.00, 26.70, 61.00, '2025-11-29 20:11:12', 4),
(693, 0.00, 26.70, 61.00, '2025-11-29 20:11:18', 4),
(694, 0.00, 26.70, 61.00, '2025-11-29 20:11:23', 4),
(695, 0.00, 26.70, 61.00, '2025-11-29 20:11:29', 4),
(696, 0.00, 26.70, 61.00, '2025-11-29 20:11:34', 4),
(697, 0.00, 26.70, 61.00, '2025-11-29 20:11:39', 4),
(698, 0.00, 26.70, 61.00, '2025-11-29 20:11:45', 4),
(699, 0.00, 26.70, 61.00, '2025-11-29 20:11:50', 4),
(700, 0.00, 26.70, 61.00, '2025-11-29 20:11:56', 4),
(701, 0.12, 26.70, 61.00, '2025-11-29 20:12:01', 4),
(702, 0.58, 26.70, 61.00, '2025-11-29 20:12:07', 4),
(703, 1.28, 26.70, 61.00, '2025-11-29 20:12:12', 4),
(704, 1.86, 26.70, 61.00, '2025-11-29 20:12:19', 4);

-- --------------------------------------------------------

--
-- Estructura de tabla para la tabla `detalles_venta`
--

CREATE TABLE `detalles_venta` (
  `detalle_id` int(11) NOT NULL,
  `venta_id` int(11) NOT NULL,
  `producto_id` int(11) NOT NULL,
  `peso_retirado` decimal(10,2) NOT NULL,
  `costo_linea` decimal(10,2) NOT NULL
) ENGINE=InnoDB DEFAULT CHARSET=utf8mb4 COLLATE=utf8mb4_general_ci;

--
-- Volcado de datos para la tabla `detalles_venta`
--

INSERT INTO `detalles_venta` (`detalle_id`, `venta_id`, `producto_id`, `peso_retirado`, `costo_linea`) VALUES
(1, 1, 12, 1000.00, 2.50),
(2, 2, 8, 3000.00, 15.00),
(3, 3, 1, 600.00, 3.00),
(4, 3, 10, 3000.00, 12.00),
(5, 4, 2, 2000.00, 11.00),
(6, 4, 14, 3150.00, 25.50),
(7, 4, 32, 135.00, 6.00),
(8, 5, 5, 9000.00, 36.00),
(9, 5, 29, 450.00, 30.00),
(10, 5, 11, 2500.00, 19.00),
(11, 6, 27, 170.00, 8.00),
(12, 7, 5, 15000.00, 60.00),
(13, 7, 10, 15000.00, 60.00),
(14, 8, 14, 1050.00, 8.50),
(15, 8, 20, 1040.00, 9.50),
(16, 8, 35, 50.00, 0.50),
(17, 9, 30, 1250.00, 55.00),
(18, 10, 14, 1050.00, 8.50),
(19, 11, 1, 600.00, 3.00),
(20, 12, 12, 2000.00, 5.00),
(21, 13, 10, 3000.00, 12.00),
(22, 14, 27, 85.00, 4.00),
(23, 14, 26, 105.00, 3.50),
(24, 15, 3, 3000.00, 15.00),
(25, 16, 11, 500.00, 1.50),
(26, 17, 2, 1000.00, 5.50),
(27, 18, 20, 1040.00, 9.50),
(28, 19, 32, 90.00, 4.00),
(29, 20, 5, 6000.00, 24.00),
(30, 21, 13, 2000.00, 3.50),
(31, 22, 30, 250.00, 11.00),
(32, 23, 6, 600.00, 3.00),
(33, 24, 4, 5000.00, 19.00),
(34, 25, 14, 1050.00, 8.50),
(35, 26, 1, 600.00, 3.00),
(36, 27, 12, 2000.00, 5.00),
(37, 28, 10, 3000.00, 12.00),
(38, 29, 27, 85.00, 4.00),
(39, 29, 26, 105.00, 3.50),
(40, 30, 3, 3000.00, 15.00),
(41, 31, 11, 500.00, 1.50),
(42, 32, 2, 1000.00, 5.50),
(43, 33, 20, 1040.00, 9.50),
(44, 34, 32, 90.00, 4.00),
(45, 35, 5, 6000.00, 24.00),
(46, 36, 13, 2000.00, 3.50),
(47, 37, 30, 250.00, 11.00),
(48, 38, 6, 600.00, 3.00),
(49, 39, 4, 5000.00, 19.00),
(50, 40, 15, 1050.00, 8.50),
(51, 41, 2, 2000.00, 11.00),
(52, 42, 11, 1500.00, 4.50),
(53, 43, 4, 5000.00, 19.00),
(54, 44, 34, 90.00, 7.50),
(55, 45, 5, 3000.00, 12.00),
(56, 46, 6, 600.00, 3.00),
(57, 47, 33, 310.00, 16.00),
(58, 47, 32, 45.00, 2.00),
(59, 48, 12, 2000.00, 5.00),
(60, 49, 10, 6000.00, 24.00),
(61, 50, 29, 90.00, 6.00),
(62, 51, 20, 1040.00, 9.50),
(63, 52, 3, 3000.00, 15.00),
(64, 53, 18, 550.00, 4.50),
(65, 54, 7, 1000.00, 5.50),
(66, 55, 10, 3000.00, 12.00),
(67, 56, 1, 600.00, 3.00),
(68, 57, 14, 1050.00, 8.50),
(69, 58, 33, 310.00, 16.00),
(70, 59, 9, 5000.00, 19.00),
(71, 60, 12, 1000.00, 2.50),
(72, 61, 28, 210.00, 7.00),
(73, 62, 2, 2000.00, 11.00),
(74, 63, 31, 200.00, 6.00),
(75, 64, 5, 3000.00, 12.00),
(76, 65, 27, 85.00, 4.00),
(77, 66, 5, 3000.00, 12.00),
(78, 67, 10, 6000.00, 24.00),
(79, 68, 20, 1040.00, 9.50),
(80, 69, 4, 5000.00, 19.00),
(81, 70, 3, 3000.00, 15.00),
(82, 71, 5, 9000.00, 36.00),
(83, 72, 23, 540.00, 5.00),
(84, 73, 30, 250.00, 11.00),
(85, 74, 10, 12000.00, 48.00),
(86, 75, 8, 1500.00, 7.50),
(87, 76, 5, 3000.00, 12.00),
(88, 77, 5, 15000.00, 60.00),
(89, 78, 35, 55.00, 2.50),
(90, 79, 17, 1100.00, 9.00),
(91, 80, 2, 1000.00, 5.50),
(92, 81, 10, 3000.00, 12.00),
(93, 82, 26, 105.00, 3.50),
(94, 83, 14, 1050.00, 8.50),
(95, 84, 4, 2500.00, 9.50),
(96, 84, 4, 2500.00, 9.50),
(97, 85, 32, 90.00, 4.00),
(98, 86, 5, 3000.00, 12.00),
(99, 87, 18, 550.00, 4.50),
(100, 88, 26, 210.00, 7.00),
(101, 89, 10, 6000.00, 24.00),
(102, 90, 3, 3000.00, 15.00),
(103, 91, 30, 125.00, 5.50),
(104, 92, 4, 2500.00, 9.50),
(105, 93, 6, 600.00, 3.00),
(106, 94, 14, 1050.00, 8.50),
(107, 95, 5, 3000.00, 12.00),
(108, 96, 27, 85.00, 4.00),
(109, 97, 9, 5000.00, 19.00),
(110, 98, 29, 95.00, 6.00),
(111, 99, 10, 3000.00, 12.00);

-- --------------------------------------------------------

--
-- Estructura de tabla para la tabla `productos`
--

CREATE TABLE `productos` (
  `producto_id` int(11) NOT NULL,
  `nombre` varchar(100) NOT NULL,
  `precio_unitario` decimal(10,2) NOT NULL,
  `peso_por_unidad` decimal(10,2) NOT NULL,
  `stock_actual` int(11) DEFAULT 0
) ENGINE=InnoDB DEFAULT CHARSET=utf8mb4 COLLATE=utf8mb4_general_ci;

--
-- Volcado de datos para la tabla `productos`
--

INSERT INTO `productos` (`producto_id`, `nombre`, `precio_unitario`, `peso_por_unidad`, `stock_actual`) VALUES
(1, 'Inka Cola 600 ml', 3.00, 600.00, 200),
(2, 'Inka Cola 1L', 5.50, 1000.00, 150),
(3, 'Inka Cola 1.5L', 7.50, 1500.00, 100),
(4, 'Inka Cola 2.5L', 9.50, 2500.00, 80),
(5, 'Inka Cola 3L', 12.00, 3000.00, 50),
(6, 'Coca Cola 600 ml', 3.00, 600.00, 200),
(7, 'Coca Cola 1L', 5.50, 1000.00, 150),
(8, 'Coca Cola 1.5L', 7.50, 1500.00, 98),
(9, 'Coca Cola 2.5L', 9.50, 2500.00, 80),
(10, 'Coca Cola 3L', 12.00, 3000.00, 50),
(11, 'Agua Cielo 500ml', 1.50, 500.00, 300),
(12, 'Agua Cielo 1L', 2.50, 1000.00, 249),
(13, 'Agua Cielo 2L', 3.50, 2000.00, 150),
(14, 'Yogur Gloria Fresa 1L', 8.50, 1050.00, 110),
(15, 'Yogur Gloria Vainilla 1L', 8.50, 1050.00, 110),
(16, 'Yogur Gloria Lúcuma 1L', 8.50, 1050.00, 90),
(17, 'Yogur Gloria Fresa 500ml', 4.50, 550.00, 150),
(18, 'Yogur Gloria Vainilla 500ml', 4.50, 550.00, 140),
(19, 'Yogur Gloria Lúcuma 500ml', 4.50, 550.00, 100),
(20, 'Yogur Laive Fresa 1L', 9.50, 1040.00, 120),
(21, 'Yogur Laive Vainilla 1L', 9.50, 1040.00, 120),
(22, 'Yogur Laive Lúcuma 1L', 9.50, 1040.00, 100),
(23, 'Yogur Laive Fresa 500ml', 5.00, 540.00, 160),
(24, 'Yogur Laive Vainilla 500ml', 5.00, 540.00, 150),
(25, 'Yogur Laive Lúcuma 500ml', 5.00, 540.00, 110),
(26, 'Tableta Sublima 100g', 3.50, 105.00, 400),
(27, 'Barra Snickers King Size (80g)', 4.00, 85.00, 350),
(28, 'Tableta Sublime Blanco 100g', 3.50, 105.00, 400),
(29, 'Chocolate Bitter 70% Cacao (90g)', 6.00, 95.00, 200),
(30, 'Chocolate de Leche Vizzio (120g)', 5.50, 125.00, 300),
(31, 'Wafer Triángulo (45g)', 1.50, 50.00, 600),
(32, 'Barra KitKat (42g)', 2.00, 45.00, 550),
(33, 'Chocolate con Almendras (150g)', 8.00, 155.00, 180),
(34, 'Tableta Cacao Andino (90g)', 7.50, 95.00, 150),
(35, 'Mini Chocloate Bites (50g)', 2.50, 55.00, 400),
(36, 'yogur Gloria 190g', 2.20, 190.00, 50);

-- --------------------------------------------------------

--
-- Estructura de tabla para la tabla `usuarios`
--

CREATE TABLE `usuarios` (
  `id_usuario` int(11) NOT NULL,
  `usuario` varchar(50) NOT NULL,
  `password` varchar(255) NOT NULL,
  `nombre_completo` varchar(100) DEFAULT NULL,
  `rol` enum('administrador','colaborador') DEFAULT 'colaborador'
) ENGINE=InnoDB DEFAULT CHARSET=utf8mb4 COLLATE=utf8mb4_general_ci;

--
-- Volcado de datos para la tabla `usuarios`
--

INSERT INTO `usuarios` (`id_usuario`, `usuario`, `password`, `nombre_completo`, `rol`) VALUES
(1, 'admin', 'admin', 'Juan Alvarado Rojas', 'administrador'),
(2, 'yamil', 'yamil123', 'Yamil Ramirez Perez', 'colaborador');

-- --------------------------------------------------------

--
-- Estructura de tabla para la tabla `ventas`
--

CREATE TABLE `ventas` (
  `venta_id` int(11) NOT NULL,
  `fecha_venta` datetime DEFAULT current_timestamp(),
  `total_venta` decimal(10,2) NOT NULL,
  `usuario_id` int(11) DEFAULT NULL
) ENGINE=InnoDB DEFAULT CHARSET=utf8mb4 COLLATE=utf8mb4_general_ci;

--
-- Volcado de datos para la tabla `ventas`
--

INSERT INTO `ventas` (`venta_id`, `fecha_venta`, `total_venta`, `usuario_id`) VALUES
(1, '2025-11-29 07:14:38', 2.50, 1),
(2, '2025-11-29 07:16:31', 15.00, 1),
(3, '2025-11-24 10:30:00', 15.00, 1),
(4, '2025-11-25 14:15:00', 42.50, 2),
(5, '2025-11-26 09:45:00', 85.00, 1),
(6, '2025-11-27 18:20:00', 8.00, 2),
(7, '2025-11-28 22:00:00', 120.00, 1),
(8, '2025-11-29 08:10:00', 18.50, 1),
(9, '2025-11-29 13:30:00', 55.00, 2),
(10, '2025-11-24 08:15:00', 8.50, 2),
(11, '2025-11-24 09:30:00', 3.00, 2),
(12, '2025-11-24 10:45:00', 5.00, 1),
(13, '2025-11-24 11:20:00', 12.00, 2),
(14, '2025-11-24 13:10:00', 7.50, 2),
(15, '2025-11-24 13:45:00', 15.00, 1),
(16, '2025-11-24 14:30:00', 1.50, 2),
(17, '2025-11-24 15:15:00', 5.50, 2),
(18, '2025-11-24 16:00:00', 9.50, 1),
(19, '2025-11-24 16:45:00', 4.00, 2),
(20, '2025-11-24 17:30:00', 24.00, 2),
(21, '2025-11-24 18:10:00', 3.50, 1),
(22, '2025-11-24 18:50:00', 11.00, 2),
(23, '2025-11-24 19:20:00', 3.00, 2),
(24, '2025-11-24 20:00:00', 19.00, 1),
(25, '2025-11-24 08:15:00', 8.50, 2),
(26, '2025-11-24 09:30:00', 3.00, 2),
(27, '2025-11-24 10:45:00', 5.00, 1),
(28, '2025-11-24 11:20:00', 12.00, 2),
(29, '2025-11-24 13:10:00', 7.50, 2),
(30, '2025-11-24 13:45:00', 15.00, 1),
(31, '2025-11-24 14:30:00', 1.50, 2),
(32, '2025-11-24 15:15:00', 5.50, 2),
(33, '2025-11-24 16:00:00', 9.50, 1),
(34, '2025-11-24 16:45:00', 4.00, 2),
(35, '2025-11-24 17:30:00', 24.00, 2),
(36, '2025-11-24 18:10:00', 3.50, 1),
(37, '2025-11-24 18:50:00', 11.00, 2),
(38, '2025-11-24 19:20:00', 3.00, 2),
(39, '2025-11-24 20:00:00', 19.00, 1),
(40, '2025-11-26 09:00:00', 8.50, 1),
(41, '2025-11-26 10:15:00', 11.00, 2),
(42, '2025-11-26 11:30:00', 4.50, 2),
(43, '2025-11-26 12:45:00', 19.00, 1),
(44, '2025-11-26 13:50:00', 7.50, 2),
(45, '2025-11-26 14:30:00', 12.00, 2),
(46, '2025-11-26 15:10:00', 3.00, 1),
(47, '2025-11-26 16:40:00', 18.00, 2),
(48, '2025-11-26 17:50:00', 5.00, 2),
(49, '2025-11-26 18:30:00', 24.00, 1),
(50, '2025-11-26 19:15:00', 6.00, 2),
(51, '2025-11-26 20:00:00', 9.50, 2),
(52, '2025-11-26 21:00:00', 15.00, 1),
(53, '2025-11-27 08:45:00', 4.50, 2),
(54, '2025-11-27 09:30:00', 5.50, 2),
(55, '2025-11-27 10:20:00', 12.00, 1),
(56, '2025-11-27 11:10:00', 3.00, 2),
(57, '2025-11-27 12:00:00', 8.50, 2),
(58, '2025-11-27 13:15:00', 16.00, 1),
(59, '2025-11-27 14:05:00', 19.00, 2),
(60, '2025-11-27 15:30:00', 2.50, 2),
(61, '2025-11-27 16:20:00', 7.00, 1),
(62, '2025-11-27 17:40:00', 11.00, 2),
(63, '2025-11-27 18:50:00', 6.00, 2),
(64, '2025-11-27 19:30:00', 12.00, 1),
(65, '2025-11-27 20:45:00', 4.00, 2),
(66, '2025-11-28 09:10:00', 12.00, 2),
(67, '2025-11-28 10:30:00', 24.00, 1),
(68, '2025-11-28 11:50:00', 9.50, 2),
(69, '2025-11-28 12:40:00', 19.00, 2),
(70, '2025-11-28 13:25:00', 15.00, 1),
(71, '2025-11-28 14:15:00', 36.00, 2),
(72, '2025-11-28 15:30:00', 5.00, 2),
(73, '2025-11-28 16:45:00', 11.00, 1),
(74, '2025-11-28 17:55:00', 48.00, 2),
(75, '2025-11-28 18:30:00', 7.50, 2),
(76, '2025-11-28 19:10:00', 12.00, 1),
(77, '2025-11-28 20:00:00', 60.00, 2),
(78, '2025-11-28 21:30:00', 2.50, 2),
(79, '2025-11-29 08:20:00', 9.00, 2),
(80, '2025-11-29 09:40:00', 5.50, 1),
(81, '2025-11-29 10:30:00', 12.00, 2),
(82, '2025-11-29 11:15:00', 3.50, 2),
(83, '2025-11-29 12:00:00', 8.50, 1),
(84, '2025-11-29 12:45:00', 19.00, 2),
(85, '2025-11-29 13:10:00', 4.00, 2),
(86, '2025-11-23 08:30:00', 12.00, 2),
(87, '2025-11-23 09:15:00', 4.50, 2),
(88, '2025-11-23 10:00:00', 7.00, 1),
(89, '2025-11-23 11:20:00', 24.00, 2),
(90, '2025-11-23 12:45:00', 15.00, 1),
(91, '2025-11-23 13:30:00', 5.50, 2),
(92, '2025-11-23 14:10:00', 9.50, 2),
(93, '2025-11-23 15:00:00', 3.00, 1),
(94, '2025-11-23 16:20:00', 8.50, 2),
(95, '2025-11-23 17:40:00', 12.00, 2),
(96, '2025-11-23 18:30:00', 4.00, 1),
(97, '2025-11-23 19:15:00', 19.00, 2),
(98, '2025-11-23 20:00:00', 6.00, 2),
(99, '2025-11-23 21:00:00', 12.00, 1);

-- --------------------------------------------------------

--
-- Estructura de tabla para la tabla `zonas`
--

CREATE TABLE `zonas` (
  `id_zona` int(11) NOT NULL,
  `nombre_zona` varchar(100) NOT NULL,
  `temp_min` decimal(4,2) NOT NULL,
  `temp_max` decimal(4,2) NOT NULL,
  `hum_max` decimal(4,2) DEFAULT 60.00
) ENGINE=InnoDB DEFAULT CHARSET=utf8mb4 COLLATE=utf8mb4_general_ci;

--
-- Volcado de datos para la tabla `zonas`
--

INSERT INTO `zonas` (`id_zona`, `nombre_zona`, `temp_min`, `temp_max`, `hum_max`) VALUES
(1, 'Bebidas', 4.00, 14.00, 90.00),
(2, 'Snacks', 12.00, 25.00, 60.00),
(3, 'Postres', 12.00, 20.00, 65.00),
(4, 'Dulces', 12.00, 24.00, 60.00),
(5, 'Chocolates', 8.00, 22.00, 50.00),
(6, 'Lácteos', 2.00, 6.00, 90.00),
(7, 'Embutidos', 0.00, 5.00, 90.00),
(8, 'Frutas y verduras', 4.00, 8.00, 95.00),
(9, 'Arroces y Conservas', 12.00, 25.00, 55.00),
(10, 'Aceites y Condimentos', 12.00, 25.00, 60.00),
(11, 'Limpieza y Hogar', 10.00, 30.00, 80.00);

--
-- Índices para tablas volcadas
--

--
-- Indices de la tabla `configuracion_sistema`
--
ALTER TABLE `configuracion_sistema`
  ADD PRIMARY KEY (`id`);

--
-- Indices de la tabla `datos_sensores`
--
ALTER TABLE `datos_sensores`
  ADD PRIMARY KEY (`id`),
  ADD KEY `id_zona` (`id_zona`);

--
-- Indices de la tabla `detalles_venta`
--
ALTER TABLE `detalles_venta`
  ADD PRIMARY KEY (`detalle_id`),
  ADD KEY `venta_id` (`venta_id`),
  ADD KEY `producto_id` (`producto_id`);

--
-- Indices de la tabla `productos`
--
ALTER TABLE `productos`
  ADD PRIMARY KEY (`producto_id`);

--
-- Indices de la tabla `usuarios`
--
ALTER TABLE `usuarios`
  ADD PRIMARY KEY (`id_usuario`),
  ADD UNIQUE KEY `usuario` (`usuario`);

--
-- Indices de la tabla `ventas`
--
ALTER TABLE `ventas`
  ADD PRIMARY KEY (`venta_id`),
  ADD KEY `usuario_id` (`usuario_id`);

--
-- Indices de la tabla `zonas`
--
ALTER TABLE `zonas`
  ADD PRIMARY KEY (`id_zona`);

--
-- AUTO_INCREMENT de las tablas volcadas
--

--
-- AUTO_INCREMENT de la tabla `datos_sensores`
--
ALTER TABLE `datos_sensores`
  MODIFY `id` int(11) NOT NULL AUTO_INCREMENT, AUTO_INCREMENT=705;

--
-- AUTO_INCREMENT de la tabla `detalles_venta`
--
ALTER TABLE `detalles_venta`
  MODIFY `detalle_id` int(11) NOT NULL AUTO_INCREMENT, AUTO_INCREMENT=112;

--
-- AUTO_INCREMENT de la tabla `productos`
--
ALTER TABLE `productos`
  MODIFY `producto_id` int(11) NOT NULL AUTO_INCREMENT, AUTO_INCREMENT=37;

--
-- AUTO_INCREMENT de la tabla `usuarios`
--
ALTER TABLE `usuarios`
  MODIFY `id_usuario` int(11) NOT NULL AUTO_INCREMENT, AUTO_INCREMENT=3;

--
-- AUTO_INCREMENT de la tabla `ventas`
--
ALTER TABLE `ventas`
  MODIFY `venta_id` int(11) NOT NULL AUTO_INCREMENT, AUTO_INCREMENT=100;

--
-- AUTO_INCREMENT de la tabla `zonas`
--
ALTER TABLE `zonas`
  MODIFY `id_zona` int(11) NOT NULL AUTO_INCREMENT, AUTO_INCREMENT=12;

--
-- Restricciones para tablas volcadas
--

--
-- Filtros para la tabla `datos_sensores`
--
ALTER TABLE `datos_sensores`
  ADD CONSTRAINT `datos_sensores_ibfk_1` FOREIGN KEY (`id_zona`) REFERENCES `zonas` (`id_zona`);

--
-- Filtros para la tabla `detalles_venta`
--
ALTER TABLE `detalles_venta`
  ADD CONSTRAINT `detalles_venta_ibfk_1` FOREIGN KEY (`venta_id`) REFERENCES `ventas` (`venta_id`),
  ADD CONSTRAINT `detalles_venta_ibfk_2` FOREIGN KEY (`producto_id`) REFERENCES `productos` (`producto_id`);

--
-- Filtros para la tabla `ventas`
--
ALTER TABLE `ventas`
  ADD CONSTRAINT `ventas_ibfk_1` FOREIGN KEY (`usuario_id`) REFERENCES `usuarios` (`id_usuario`);
COMMIT;

/*!40101 SET CHARACTER_SET_CLIENT=@OLD_CHARACTER_SET_CLIENT */;
/*!40101 SET CHARACTER_SET_RESULTS=@OLD_CHARACTER_SET_RESULTS */;
/*!40101 SET COLLATION_CONNECTION=@OLD_COLLATION_CONNECTION */;
